{
    "AAA": -0.1547526,
    "AAC": 0.03733677,
    "AAG": 0.00268339,
    "AAT": -0.0898715,
    "ACA": -0.0671403,
    "ACC": 0.06684496,
    "ACG": 0.06642287,
    "ACT": -0.1518,
    "AGA": -0.1329471,
    "AGC": -0.0346418,
    "AGG": -0.0455993,
    "AGT": -0.1702509,
    "ATA": -0.075158,
    "ATC": 0.16434781,
    "ATG": 0.13991497,
    "ATT": -0.0119732,
    "CAA": -0.1421986,
    "CAC": -0.101652,
    "CAG": 0.00976407,
    "CAT": -0.2036468,
    "CCA": -0.0533028,
    "CCC": 0.03661179,
    "CCG": -0.0209513,
    "CCT": -0.0572647,
    "CGA": -0.0097049,
    "CGC": -0.0214371,
    "CGG": 0.10150087,
    "CGT": -0.0240365,
    "CTA": -0.0342942,
    "CTC": 0.11575234,
    "CTG": 0.16472391,
    "CTT": -0.0820652,
    "GAA": -0.0826054,
    "GAC": 0.11823396,
    "GAG": 0.07385058,
    "GAT": 0.01113114,
    "GCA": 0.02230043,
    "GCC": 0.10966996,
    "GCG": -0.0096627,
    "GCT": 0.03505943,
    "GGA": -0.0098196,
    "GGC": 0.05661041,
    "GGG": 0.06887007,
    "GGT": 0.00594944,
    "GTA": -0.0478759,
    "GTC": 0.15232083,
    "GTG": 0.17375862,
    "GTT": -0.0260009,
    "TAC": 0.09741789,
    "TAT": -0.0241265,
    "TCA": -0.1669011,
    "TCC": -0.0159949,
    "TCG": -0.0382096,
    "TCT": -0.1423363,
    "TGC": 0.00908543,
    "TGG": 0.11401853,
    "TGT": -0.1811838,
    "TTA": -0.1097585,
    "TTC": 0.14045389,
    "TTG": -0.0334436,
    "TTT": -0.0259148
}
